<Objs Version="1.1.0.1" xmlns="http://schemas.microsoft.com/powershell/2004/04">
  <Obj RefId="0">
    <TN RefId="0">
      <T>Microsoft.PowerShell.Commands.PSRepositoryItemInfo</T>
      <T>System.Management.Automation.PSCustomObject</T>
      <T>System.Object</T>
    </TN>
    <MS>
      <S N="Name">AWS.Tools.EBS</S>
      <S N="Version">4.1.286</S>
      <S N="Type">Module</S>
      <S N="Description">The EBS module of AWS Tools for PowerShell lets developers and administrators manage Amazon EBS from the PowerShell scripting environment. In order to manage each AWS service, install the corresponding module (e.g. AWS.Tools.EC2, AWS.Tools.S3...)._x000D__x000A_The module AWS.Tools.Installer (https://www.powershellgallery.com/packages/AWS.Tools.Installer/) makes it easier to install, update and uninstall the AWS.Tools modules._x000D__x000A_This version of AWS Tools for PowerShell is compatible with Windows PowerShell 5.1+ and PowerShell Core 6+ on Windows, Linux and macOS. When running on Windows PowerShell, .NET Framework 4.7.2 or newer is required. Alternative modules AWSPowerShell.NetCore and AWSPowerShell, provide support for all AWS services from a single module and also support older versions of Windows PowerShell and .NET Framework.</S>
      <S N="Author">Amazon.com Inc</S>
      <S N="CompanyName">aws-dotnet-sdk-team</S>
      <S N="Copyright">Copyright 2012-2023 Amazon.com, Inc. or its affiliates. All Rights Reserved.</S>
      <DT N="PublishedDate">2023-03-07T23:29:36-06:00</DT>
      <Nil N="InstalledDate" />
      <Nil N="UpdatedDate" />
      <URI N="LicenseUri">https://aws.amazon.com/apache-2-0/</URI>
      <URI N="ProjectUri">https://github.com/aws/aws-tools-for-powershell</URI>
      <URI N="IconUri">https://sdk-for-net.amazonwebservices.com/images/AWSLogo128x128.png</URI>
      <Obj N="Tags" RefId="1">
        <TN RefId="1">
          <T>System.Object[]</T>
          <T>System.Array</T>
          <T>System.Object</T>
        </TN>
        <LST>
          <S>AWS</S>
          <S>cloud</S>
          <S>Windows</S>
          <S>PSEdition_Desktop</S>
          <S>PSEdition_Core</S>
          <S>Linux</S>
          <S>MacOS</S>
          <S>Mac</S>
          <S>PSModule</S>
        </LST>
      </Obj>
      <Obj N="Includes" RefId="2">
        <TN RefId="2">
          <T>System.Collections.Hashtable</T>
          <T>System.Object</T>
        </TN>
        <DCT>
          <En>
            <S N="Key">RoleCapability</S>
            <Obj N="Value" RefId="3">
              <TNRef RefId="1" />
              <LST />
            </Obj>
          </En>
          <En>
            <S N="Key">Cmdlet</S>
            <Obj N="Value" RefId="4">
              <TNRef RefId="1" />
              <LST>
                <S>Complete-EBSSnapshot</S>
                <S>Get-EBSChangedBlockList</S>
                <S>Get-EBSSnapshotBlock</S>
                <S>Get-EBSSnapshotBlockList</S>
                <S>Start-EBSSnapshot</S>
                <S>Write-EBSSnapshotBlock</S>
              </LST>
            </Obj>
          </En>
          <En>
            <S N="Key">Command</S>
            <Obj N="Value" RefId="5">
              <TNRef RefId="1" />
              <LST>
                <S>Complete-EBSSnapshot</S>
                <S>Get-EBSChangedBlockList</S>
                <S>Get-EBSSnapshotBlock</S>
                <S>Get-EBSSnapshotBlockList</S>
                <S>Start-EBSSnapshot</S>
                <S>Write-EBSSnapshotBlock</S>
              </LST>
            </Obj>
          </En>
          <En>
            <S N="Key">DscResource</S>
            <Ref N="Value" RefId="3" />
          </En>
          <En>
            <S N="Key">Workflow</S>
            <Ref N="Value" RefId="3" />
          </En>
          <En>
            <S N="Key">Function</S>
            <Ref N="Value" RefId="3" />
          </En>
        </DCT>
      </Obj>
      <Nil N="PowerShellGetFormatVersion" />
      <S N="ReleaseNotes">https://github.com/aws/aws-tools-for-powershell/blob/master/CHANGELOG.md</S>
      <Obj N="Dependencies" RefId="6">
        <TNRef RefId="1" />
        <LST>
          <Obj RefId="7">
            <TN RefId="3">
              <T>System.Collections.Specialized.OrderedDictionary</T>
              <T>System.Object</T>
            </TN>
            <DCT>
              <En>
                <S N="Key">Name</S>
                <S N="Value">AWS.Tools.Common</S>
              </En>
              <En>
                <S N="Key">RequiredVersion</S>
                <S N="Value">4.1.286</S>
              </En>
              <En>
                <S N="Key">CanonicalId</S>
                <S N="Value">nuget:AWS.Tools.Common/[4.1.286]</S>
              </En>
            </DCT>
          </Obj>
        </LST>
      </Obj>
      <S N="RepositorySourceLocation">https://www.powershellgallery.com/api/v2</S>
      <S N="Repository">PSGallery</S>
      <S N="PackageManagementProvider">NuGet</S>
      <Obj N="AdditionalMetadata" RefId="8">
        <TN RefId="4">
          <T>System.Management.Automation.PSCustomObject</T>
          <T>System.Object</T>
        </TN>
        <MS>
          <S N="copyright">Copyright 2012-2023 Amazon.com, Inc. or its affiliates. All Rights Reserved.</S>
          <S N="description">The EBS module of AWS Tools for PowerShell lets developers and administrators manage Amazon EBS from the PowerShell scripting environment. In order to manage each AWS service, install the corresponding module (e.g. AWS.Tools.EC2, AWS.Tools.S3...)._x000D__x000A_The module AWS.Tools.Installer (https://www.powershellgallery.com/packages/AWS.Tools.Installer/) makes it easier to install, update and uninstall the AWS.Tools modules._x000D__x000A_This version of AWS Tools for PowerShell is compatible with Windows PowerShell 5.1+ and PowerShell Core 6+ on Windows, Linux and macOS. When running on Windows PowerShell, .NET Framework 4.7.2 or newer is required. Alternative modules AWSPowerShell.NetCore and AWSPowerShell, provide support for all AWS services from a single module and also support older versions of Windows PowerShell and .NET Framework.</S>
          <S N="requireLicenseAcceptance">False</S>
          <S N="releaseNotes">https://github.com/aws/aws-tools-for-powershell/blob/master/CHANGELOG.md</S>
          <S N="isLatestVersion">False</S>
          <S N="isAbsoluteLatestVersion">False</S>
          <S N="versionDownloadCount">59</S>
          <S N="downloadCount">12721</S>
          <S N="packageSize">118759</S>
          <S N="published">3/7/2023 11:29:36 PM -06:00</S>
          <S N="created">3/7/2023 11:29:36 PM -06:00</S>
          <S N="lastUpdated">3/22/2023 2:54:37 PM -05:00</S>
          <S N="tags">AWS cloud Windows PSEdition_Desktop PSEdition_Core Linux MacOS Mac PSModule PSCmdlet_Complete-EBSSnapshot PSCommand_Complete-EBSSnapshot PSCmdlet_Get-EBSChangedBlockList PSCommand_Get-EBSChangedBlockList PSCmdlet_Get-EBSSnapshotBlock PSCommand_Get-EBSSnapshotBlock PSCmdlet_Get-EBSSnapshotBlockList PSCommand_Get-EBSSnapshotBlockList PSCmdlet_Start-EBSSnapshot PSCommand_Start-EBSSnapshot PSCmdlet_Write-EBSSnapshotBlock PSCommand_Write-EBSSnapshotBlock PSIncludes_Cmdlet</S>
          <S N="developmentDependency">False</S>
          <S N="updated">2023-03-22T14:54:37Z</S>
          <S N="NormalizedVersion">4.1.286</S>
          <S N="Authors">Amazon.com Inc</S>
          <S N="IsPrerelease">false</S>
          <S N="ItemType">Module</S>
          <S N="FileList">AWS.Tools.EBS.nuspec|AWS.Tools.EBS.Aliases.psm1|AWS.Tools.EBS.Completers.psm1|AWS.Tools.EBS.dll|AWS.Tools.EBS.dll-Help.xml|AWS.Tools.EBS.Format.ps1xml|AWS.Tools.EBS.psd1|AWS.Tools.EBS.XML|AWSSDK.EBS.dll|LICENSE|NOTICE</S>
          <S N="GUID">af61433a-6977-4129-af89-d55f89e3e0eb</S>
          <S N="PowerShellVersion">5.1</S>
          <S N="DotNetFrameworkVersion">4.7.2</S>
          <S N="CompanyName">Amazon.com, Inc</S>
        </MS>
      </Obj>
      <S N="InstalledLocation">C:\Users\jimm3037\AppData\Local\Temp\ebs_volume_cleanup\Modules\AWS.Tools.EBS\4.1.286</S>
    </MS>
  </Obj>
</Objs>
