<Objs Version="1.1.0.1" xmlns="http://schemas.microsoft.com/powershell/2004/04">
  <Obj RefId="0">
    <TN RefId="0">
      <T>Microsoft.PowerShell.Commands.PSRepositoryItemInfo</T>
      <T>System.Management.Automation.PSCustomObject</T>
      <T>System.Object</T>
    </TN>
    <MS>
      <S N="Name">AWS.Tools.CloudWatch</S>
      <S N="Version">4.1.286</S>
      <S N="Type">Module</S>
      <S N="Description">The CloudWatch module of AWS Tools for PowerShell lets developers and administrators manage Amazon CloudWatch from the PowerShell scripting environment. In order to manage each AWS service, install the corresponding module (e.g. AWS.Tools.EC2, AWS.Tools.S3...)._x000D__x000A_The module AWS.Tools.Installer (https://www.powershellgallery.com/packages/AWS.Tools.Installer/) makes it easier to install, update and uninstall the AWS.Tools modules._x000D__x000A_This version of AWS Tools for PowerShell is compatible with Windows PowerShell 5.1+ and PowerShell Core 6+ on Windows, Linux and macOS. When running on Windows PowerShell, .NET Framework 4.7.2 or newer is required. Alternative modules AWSPowerShell.NetCore and AWSPowerShell, provide support for all AWS services from a single module and also support older versions of Windows PowerShell and .NET Framework.</S>
      <S N="Author">Amazon.com Inc</S>
      <S N="CompanyName">aws-dotnet-sdk-team</S>
      <S N="Copyright">Copyright 2012-2023 Amazon.com, Inc. or its affiliates. All Rights Reserved.</S>
      <DT N="PublishedDate">2023-03-07T23:24:20-06:00</DT>
      <Nil N="InstalledDate" />
      <Nil N="UpdatedDate" />
      <URI N="LicenseUri">https://aws.amazon.com/apache-2-0/</URI>
      <URI N="ProjectUri">https://github.com/aws/aws-tools-for-powershell</URI>
      <URI N="IconUri">https://sdk-for-net.amazonwebservices.com/images/AWSLogo128x128.png</URI>
      <Obj N="Tags" RefId="1">
        <TN RefId="1">
          <T>System.Object[]</T>
          <T>System.Array</T>
          <T>System.Object</T>
        </TN>
        <LST>
          <S>AWS</S>
          <S>cloud</S>
          <S>Windows</S>
          <S>PSEdition_Desktop</S>
          <S>PSEdition_Core</S>
          <S>Linux</S>
          <S>MacOS</S>
          <S>Mac</S>
          <S>PSModule</S>
        </LST>
      </Obj>
      <Obj N="Includes" RefId="2">
        <TN RefId="2">
          <T>System.Collections.Hashtable</T>
          <T>System.Object</T>
        </TN>
        <DCT>
          <En>
            <S N="Key">RoleCapability</S>
            <Obj N="Value" RefId="3">
              <TNRef RefId="1" />
              <LST />
            </Obj>
          </En>
          <En>
            <S N="Key">Cmdlet</S>
            <Obj N="Value" RefId="4">
              <TNRef RefId="1" />
              <LST>
                <S>Add-CWResourceTag</S>
                <S>Disable-CWAlarmAction</S>
                <S>Disable-CWInsightRule</S>
                <S>Enable-CWAlarmAction</S>
                <S>Enable-CWInsightRule</S>
                <S>Get-CWAlarm</S>
                <S>Get-CWAlarmForMetric</S>
                <S>Get-CWAlarmHistory</S>
                <S>Get-CWAnomalyDetector</S>
                <S>Get-CWDashboard</S>
                <S>Get-CWDashboardList</S>
                <S>Get-CWInsightRule</S>
                <S>Get-CWInsightRuleReport</S>
                <S>Get-CWManagedInsightRule</S>
                <S>Get-CWMetricData</S>
                <S>Get-CWMetricList</S>
                <S>Get-CWMetricStatistic</S>
                <S>Get-CWMetricStream</S>
                <S>Get-CWMetricStreamList</S>
                <S>Get-CWMetricWidgetImage</S>
                <S>Get-CWResourceTag</S>
                <S>Remove-CWAlarm</S>
                <S>Remove-CWAnomalyDetector</S>
                <S>Remove-CWDashboard</S>
                <S>Remove-CWInsightRule</S>
                <S>Remove-CWMetricStream</S>
                <S>Remove-CWResourceTag</S>
                <S>Set-CWAlarmState</S>
                <S>Start-CWMetricStream</S>
                <S>Stop-CWMetricStream</S>
                <S>Write-CWAnomalyDetector</S>
                <S>Write-CWCompositeAlarm</S>
                <S>Write-CWDashboard</S>
                <S>Write-CWInsightRule</S>
                <S>Write-CWManagedInsightRule</S>
                <S>Write-CWMetricAlarm</S>
                <S>Write-CWMetricData</S>
                <S>Write-CWMetricStream</S>
              </LST>
            </Obj>
          </En>
          <En>
            <S N="Key">Command</S>
            <Obj N="Value" RefId="5">
              <TNRef RefId="1" />
              <LST>
                <S>Add-CWResourceTag</S>
                <S>Disable-CWAlarmAction</S>
                <S>Disable-CWInsightRule</S>
                <S>Enable-CWAlarmAction</S>
                <S>Enable-CWInsightRule</S>
                <S>Get-CWAlarm</S>
                <S>Get-CWAlarmForMetric</S>
                <S>Get-CWAlarmHistory</S>
                <S>Get-CWAnomalyDetector</S>
                <S>Get-CWDashboard</S>
                <S>Get-CWDashboardList</S>
                <S>Get-CWInsightRule</S>
                <S>Get-CWInsightRuleReport</S>
                <S>Get-CWManagedInsightRule</S>
                <S>Get-CWMetricData</S>
                <S>Get-CWMetricList</S>
                <S>Get-CWMetricStatistic</S>
                <S>Get-CWMetricStream</S>
                <S>Get-CWMetricStreamList</S>
                <S>Get-CWMetricWidgetImage</S>
                <S>Get-CWResourceTag</S>
                <S>Remove-CWAlarm</S>
                <S>Remove-CWAnomalyDetector</S>
                <S>Remove-CWDashboard</S>
                <S>Remove-CWInsightRule</S>
                <S>Remove-CWMetricStream</S>
                <S>Remove-CWResourceTag</S>
                <S>Set-CWAlarmState</S>
                <S>Start-CWMetricStream</S>
                <S>Stop-CWMetricStream</S>
                <S>Write-CWAnomalyDetector</S>
                <S>Write-CWCompositeAlarm</S>
                <S>Write-CWDashboard</S>
                <S>Write-CWInsightRule</S>
                <S>Write-CWManagedInsightRule</S>
                <S>Write-CWMetricAlarm</S>
                <S>Write-CWMetricData</S>
                <S>Write-CWMetricStream</S>
              </LST>
            </Obj>
          </En>
          <En>
            <S N="Key">DscResource</S>
            <Ref N="Value" RefId="3" />
          </En>
          <En>
            <S N="Key">Workflow</S>
            <Ref N="Value" RefId="3" />
          </En>
          <En>
            <S N="Key">Function</S>
            <Ref N="Value" RefId="3" />
          </En>
        </DCT>
      </Obj>
      <Nil N="PowerShellGetFormatVersion" />
      <S N="ReleaseNotes">https://github.com/aws/aws-tools-for-powershell/blob/master/CHANGELOG.md</S>
      <Obj N="Dependencies" RefId="6">
        <TNRef RefId="1" />
        <LST>
          <Obj RefId="7">
            <TN RefId="3">
              <T>System.Collections.Specialized.OrderedDictionary</T>
              <T>System.Object</T>
            </TN>
            <DCT>
              <En>
                <S N="Key">Name</S>
                <S N="Value">AWS.Tools.Common</S>
              </En>
              <En>
                <S N="Key">RequiredVersion</S>
                <S N="Value">4.1.286</S>
              </En>
              <En>
                <S N="Key">CanonicalId</S>
                <S N="Value">nuget:AWS.Tools.Common/[4.1.286]</S>
              </En>
            </DCT>
          </Obj>
        </LST>
      </Obj>
      <S N="RepositorySourceLocation">https://www.powershellgallery.com/api/v2</S>
      <S N="Repository">PSGallery</S>
      <S N="PackageManagementProvider">NuGet</S>
      <Obj N="AdditionalMetadata" RefId="8">
        <TN RefId="4">
          <T>System.Management.Automation.PSCustomObject</T>
          <T>System.Object</T>
        </TN>
        <MS>
          <S N="copyright">Copyright 2012-2023 Amazon.com, Inc. or its affiliates. All Rights Reserved.</S>
          <S N="description">The CloudWatch module of AWS Tools for PowerShell lets developers and administrators manage Amazon CloudWatch from the PowerShell scripting environment. In order to manage each AWS service, install the corresponding module (e.g. AWS.Tools.EC2, AWS.Tools.S3...)._x000D__x000A_The module AWS.Tools.Installer (https://www.powershellgallery.com/packages/AWS.Tools.Installer/) makes it easier to install, update and uninstall the AWS.Tools modules._x000D__x000A_This version of AWS Tools for PowerShell is compatible with Windows PowerShell 5.1+ and PowerShell Core 6+ on Windows, Linux and macOS. When running on Windows PowerShell, .NET Framework 4.7.2 or newer is required. Alternative modules AWSPowerShell.NetCore and AWSPowerShell, provide support for all AWS services from a single module and also support older versions of Windows PowerShell and .NET Framework.</S>
          <S N="requireLicenseAcceptance">False</S>
          <S N="releaseNotes">https://github.com/aws/aws-tools-for-powershell/blob/master/CHANGELOG.md</S>
          <S N="isLatestVersion">False</S>
          <S N="isAbsoluteLatestVersion">False</S>
          <S N="versionDownloadCount">218</S>
          <S N="downloadCount">80571</S>
          <S N="packageSize">273021</S>
          <S N="published">3/7/2023 11:24:20 PM -06:00</S>
          <S N="created">3/7/2023 11:24:20 PM -06:00</S>
          <S N="lastUpdated">3/22/2023 3:34:36 PM -05:00</S>
          <S N="tags">AWS cloud Windows PSEdition_Desktop PSEdition_Core Linux MacOS Mac PSModule PSCmdlet_Add-CWResourceTag PSCommand_Add-CWResourceTag PSCmdlet_Disable-CWAlarmAction PSCommand_Disable-CWAlarmAction PSCmdlet_Disable-CWInsightRule PSCommand_Disable-CWInsightRule PSCmdlet_Enable-CWAlarmAction PSCommand_Enable-CWAlarmAction PSCmdlet_Enable-CWInsightRule PSCommand_Enable-CWInsightRule PSCmdlet_Get-CWAlarm PSCommand_Get-CWAlarm PSCmdlet_Get-CWAlarmForMetric PSCommand_Get-CWAlarmForMetric PSCmdlet_Get-CWAlarmHistory PSCommand_Get-CWAlarmHistory PSCmdlet_Get-CWAnomalyDetector PSCommand_Get-CWAnomalyDetector PSCmdlet_Get-CWDashboard PSCommand_Get-CWDashboard PSCmdlet_Get-CWDashboardList PSCommand_Get-CWDashboardList PSCmdlet_Get-CWInsightRule PSCommand_Get-CWInsightRule PSCmdlet_Get-CWInsightRuleReport PSCommand_Get-CWInsightRuleReport PSCmdlet_Get-CWManagedInsightRule PSCommand_Get-CWManagedInsightRule PSCmdlet_Get-CWMetricData PSCommand_Get-CWMetricData PSCmdlet_Get-CWMetricList PSCommand_Get-CWMetricList PSCmdlet_Get-CWMetricStatistic PSCommand_Get-CWMetricStatistic PSCmdlet_Get-CWMetricStream PSCommand_Get-CWMetricStream PSCmdlet_Get-CWMetricStreamList PSCommand_Get-CWMetricStreamList PSCmdlet_Get-CWMetricWidgetImage PSCommand_Get-CWMetricWidgetImage PSCmdlet_Get-CWResourceTag PSCommand_Get-CWResourceTag PSCmdlet_Remove-CWAlarm PSCommand_Remove-CWAlarm PSCmdlet_Remove-CWAnomalyDetector PSCommand_Remove-CWAnomalyDetector PSCmdlet_Remove-CWDashboard PSCommand_Remove-CWDashboard PSCmdlet_Remove-CWInsightRule PSCommand_Remove-CWInsightRule PSCmdlet_Remove-CWMetricStream PSCommand_Remove-CWMetricStream PSCmdlet_Remove-CWResourceTag PSCommand_Remove-CWResourceTag PSCmdlet_Set-CWAlarmState PSCommand_Set-CWAlarmState PSCmdlet_Start-CWMetricStream PSCommand_Start-CWMetricStream PSCmdlet_Stop-CWMetricStream PSCommand_Stop-CWMetricStream PSCmdlet_Write-CWAnomalyDetector PSCommand_Write-CWAnomalyDetector PSCmdlet_Write-CWCompositeAlarm PSCommand_Write-CWCompositeAlarm PSCmdlet_Write-CWDashboard PSCommand_Write-CWDashboard PSCmdlet_Write-CWInsightRule PSCommand_Write-CWInsightRule PSCmdlet_Write-CWManagedInsightRule PSCommand_Write-CWManagedInsightRule PSCmdlet_Write-CWMetricAlarm PSCommand_Write-CWMetricAlarm PSCmdlet_Write-CWMetricData PSCommand_Write-CWMetricData PSCmdlet_Write-CWMetricStream PSCommand_Write-CWMetricStream PSIncludes_Cmdlet</S>
          <S N="developmentDependency">False</S>
          <S N="updated">2023-03-22T15:34:36Z</S>
          <S N="NormalizedVersion">4.1.286</S>
          <S N="Authors">Amazon.com Inc</S>
          <S N="IsPrerelease">false</S>
          <S N="ItemType">Module</S>
          <S N="FileList">AWS.Tools.CloudWatch.nuspec|AWS.Tools.CloudWatch.Aliases.psm1|AWS.Tools.CloudWatch.Completers.psm1|AWS.Tools.CloudWatch.dll|AWS.Tools.CloudWatch.dll-Help.xml|AWS.Tools.CloudWatch.Format.ps1xml|AWS.Tools.CloudWatch.psd1|AWS.Tools.CloudWatch.XML|AWSSDK.CloudWatch.dll|LICENSE|NOTICE</S>
          <S N="GUID">3dd3fb56-d302-44bc-a9a1-f752327a21cf</S>
          <S N="PowerShellVersion">5.1</S>
          <S N="DotNetFrameworkVersion">4.7.2</S>
          <S N="CompanyName">Amazon.com, Inc</S>
        </MS>
      </Obj>
      <S N="InstalledLocation">C:\Users\jimm3037\AppData\Local\Temp\ebs_volume_cleanup\Modules\AWS.Tools.CloudWatch\4.1.286</S>
    </MS>
  </Obj>
</Objs>
